USE Library
GO


-- for catalogue
DELETE FROM CATALOGUE
INSERT INTO CATALOGUE VALUES (
	9789686335903, 'The Red Riding Hood', 'Charles M.', 'Science', 'It is a fairy tale for children age 5 - 10 for grade 1 - 5', 2, 0, 2);

INSERT INTO CATALOGUE VALUES (
	9786272758290, 'Xeno Twin', 'John M.', 'Comedy', 'A comic book suitable for getting basic knowledge about journalism', 20, 1, 20);

INSERT INTO CATALOGUE VALUES (
	9788809987586, 'Operating Systems Basic', 'Charles M.', 'Computer Science', 'Beginners guide for learning operating systems fundamentals', 5, 1, 5);

INSERT INTO CATALOGUE VALUES (
	9989086455903, 'Java, the Beginners guide', 'Stallings J.', 'Computer Science', 'Java language for the beginners which shows you the right direction of learning this language', 10, 1, 9);

INSERT INTO CATALOGUE VALUES (
	6789663335751, 'What is python?', 'Yoru A.', 'Computer Science', 'Beginners guide for python learners with all the necessary steps to learn', 30, 1, 27);

INSERT INTO CATALOGUE VALUES (
	9789656658583, 'Java, the intermidiates guide', 'Charles M.', 'Computer Science', 'Java for the intermidiates who has finished reading beginners guide', 10, 1, 7);

INSERT INTO CATALOGUE VALUES (
	1309664325303, 'Biomedical science basics', 'William S.', 'Biology', 'All the basic topics for the first year biomedical science students', 50, 1, 49);

INSERT INTO CATALOGUE VALUES (
	9785586300903, 'Business Intelligence', 'Robert M.', 'Business', 'Fundamentals of business intelligence and how it works', 10, 1, 7);

INSERT INTO CATALOGUE VALUES (
	9785763146903, 'Fundamentals Principles of Accounting', 'John A.', 'Accounting', 'Accounting fundamentals', 10, 1, 7);

INSERT INTO CATALOGUE VALUES (
	9782306361703, 'What is Accounting?', 'Philips S.', 'Accounting', 'Accounting fundamentals', 20, 1, 17);

INSERT INTO CATALOGUE VALUES (
	0324686335903, 'Basics of Law', 'Junaid B.', 'Law', 'Law basics and how it works', 30, 1, 28);

INSERT INTO CATALOGUE VALUES (
	9785286335903, 'Software Engineering', 'Robert R.', 'Computer Science', 'Fundamentals of software engineering', 30, 1, 27);

INSERT INTO CATALOGUE VALUES (
	7741286335903, 'How database works in business?', 'Philips A.', 'Computer Science', 'about how database is used in business for work and to store data?', 10, 1, 9);

INSERT INTO CATALOGUE VALUES (
	4019686332013, 'Systems engineering', 'Kate M.', 'Engineering', 'basics of Systems Engineering', 20, 1, 18);

INSERT INTO CATALOGUE VALUES (
	6089685309903, 'Vehicle Engineering', 'Ashley k.', 'Engineering', 'Fundamentals of Vehicle engineering and how vehicles are manufactured', 5, 1, 3);

INSERT INTO CATALOGUE VALUES (
	9789686973013, 'Advance Mechanics', 'Lee B.', 'Engineering', 'Advanced content of mechanical engineering', 3, 1, 1);

INSERT INTO CATALOGUE VALUES (
	6989610357803, 'Fundamentals of Mechanical Engineering', 'Philips M.', 'Engineering', 'Basics of Mechanical Engineering', 8, 1, 4);

INSERT INTO CATALOGUE VALUES (
	3752140335903, 'Basics Of VSCode', 'Steve M.', 'Computer Science', 'It has all you need to know about VS Code text editor', 5, 1, 3);

INSERT INTO CATALOGUE VALUES (
	5789874335414, 'Fundamentals of Computer Science', 'Mike C.', 'Computer Science', 'basic principles of computer science suitable for first year students', 10, 1, 9);

INSERT INTO CATALOGUE VALUES (
	2789686355243, 'Assembly Language', 'Robert M.', 'Computer Science', 'Basics of assembly language', 5, 1, 4);

INSERT INTO CATALOGUE VALUES (
	5479686355333, 'Assembly Language 2nd Edition', 'Robert M.', 'Computer Science', 'Basics of assembly language', 5, 1, 2);

INSERT INTO CATALOGUE VALUES (
	4512555689898, 'VS Code 2nd Edition', 'Robert M.', 'Computer Science', 'Basics of VS Code latest edition', 6, 1, 1);


-- for library members
DELETE FROM LIBRARY_MEMBER
INSERT INTO LIBRARY_MEMBER VALUES (
	1000, 'Stallings', 'Robert', 0745213678, 0, '2019-09-03', '2023-09-04', '2023-08-03', 1, 3);

INSERT INTO LIBRARY_MEMBER VALUES (
	1001, 'Furqan', 'Ahmed', 0747773678, 0, '2018-05-01', '2022-05-02', '2022-04-02', 3, 8);

INSERT INTO LIBRARY_MEMBER VALUES (
	1002, 'Williams', 'Michael', 0745634789, 0, '2018-01-20', '2022-01-21', '2021-12-20', 2, 2);

INSERT INTO LIBRARY_MEMBER VALUES (
	1003, 'Neirad', 'Daniyal', 0787436954, 0, '2020-08-20', '2024-08-21', '2022-07-20', 2, 6);

INSERT INTO LIBRARY_MEMBER VALUES (
	1004, 'Ahmad', 'Haroon', 0768741235, 0, '2021-05-01', '2025-05-02', '2025-04-01', 0, 1);

INSERT INTO LIBRARY_MEMBER VALUES (
	1005, 'Jones', 'Mike', 0745712389, 0, '2021-02-01', '2025-02-02', '2025-01-01', 2, 3);

INSERT INTO LIBRARY_MEMBER VALUES (
	1006, 'Doe', 'John', 0747891233, 0, '2018-05-01', '2022-05-02', '2022-04-01', 1, 2);

INSERT INTO LIBRARY_MEMBER VALUES (
	1007, 'Doe', 'Mike', 0754478912, 0, '2018-09-25', '2022-09-26', '2022-08-25', 1, 1);

INSERT INTO LIBRARY_MEMBER VALUES (
	1008, 'Hobertson', 'Kattie', 0754563210, 0, '2018-09-25', '2022-09-26', '2022-08-25', 2, 2);

INSERT INTO LIBRARY_MEMBER VALUES (
	1009, 'Zafer', 'Hassan', 0752589631, 0, '2020-04-25', '2024-04-26', '2024-04-25', 2, 2);

INSERT INTO LIBRARY_MEMBER VALUES (
	1010, 'Osman', 'Khaled', 0754578962, 0, '2021-04-25', '2025-04-26', '2024-04-25', 0, 0);

INSERT INTO LIBRARY_MEMBER VALUES (
	1011, 'Gafoor', 'Yusuf', 0754710236, 0, '2020-04-25', '2024-04-26', '2024-04-25', 0, 0);

INSERT INTO LIBRARY_MEMBER VALUES (
	1012, 'Philips', 'Michael', 0786523450, 0, '2020-07-25', '2024-07-26', '2024-06-25', 0, 0);

INSERT INTO LIBRARY_MEMBER VALUES (
	1013, 'Hudson', 'Robert', 0784123658, 0, '2020-07-05', '2024-07-06', '2024-06-05', 1, 1);

INSERT INTO LIBRARY_MEMBER VALUES (
	1014, 'Adler', 'Lewis', 0734568712, 0, '2018-07-05', '2022-07-06', '2022-06-05', 1, 11);

INSERT INTO LIBRARY_MEMBER VALUES (
	1015, 'Wilson', 'Danniel', 0747894561, 0, '2019-07-05', '2023-07-06', '2023-06-05', 1, 6);

INSERT INTO LIBRARY_MEMBER VALUES (
	1016, 'Akbar', 'Jamil', 0744567891, 0, '2019-07-05', '2023-07-06', '2023-06-05', 2, 4);

INSERT INTO LIBRARY_MEMBER VALUES (
	1017, 'Wilson', 'Danniel', 0747894561, 0, '2019-07-05', '2023-07-06', '2023-06-05', 2, 13);

INSERT INTO LIBRARY_MEMBER VALUES (
	1018, 'Brown', 'Joshua', 0784561245, 0, '2018-10-05', '2022-10-10', '2022-09-05', 2, 4);

INSERT INTO LIBRARY_MEMBER VALUES (
	1019, 'Miller', 'Jack', 0784521478, 0, '2018-10-05', '2022-10-06', '2022-09-05', 5, 7);

INSERT INTO LIBRARY_MEMBER VALUES (
	1020, 'Adrian', 'Atkins', 0778412568, 1, '2018-10-05', '2022-10-06', '2022-09-05', 2, 6);

INSERT INTO LIBRARY_MEMBER VALUES (
	1021, 'Donovan', 'Sara', 0773567412, 1, '2019-11-05', '2023-11-06', '2023-10-05', 2, 2);

INSERT INTO LIBRARY_MEMBER VALUES (
	1022, 'Guerra', 'Dala', 0741245021, 1, '2019-05-10', '2023-05-11', '2023-04-10', 2, 2);

INSERT INTO LIBRARY_MEMBER VALUES (
	1023, 'Berg', 'Tanya', 0764712012, 1, '2018-05-10', '2022-05-11', '2022-04-10', 2, 2);

INSERT INTO LIBRARY_MEMBER VALUES (
	1024, 'Rubio', 'Carmen', 0757489657, 1, '2018-05-10', '2022-05-11', '2022-04-10', 0, 0);

INSERT INTO LIBRARY_MEMBER VALUES (
	1025, 'Norris', 'Timothy', 0787496857, 1, '2020-05-10', '2024-05-11', '2024-04-10', 0, 0);

INSERT INTO LIBRARY_MEMBER VALUES (
	1026, 'Cox', 'Rhys', 0740032988, 1, '2020-03-10', '2024-03-11', '2024-02-10', 0, 0);

INSERT INTO LIBRARY_MEMBER VALUES (
	1027, 'Ahmed', 'Zakaria', 0754781204, 1, '2020-05-10', '2024-05-11', '2024-04-10', 0, 0);

INSERT INTO LIBRARY_MEMBER VALUES (
	1028, 'Norris', 'Timothy', 0787496857, 1, '2020-05-10', '2024-05-11', '2024-04-10', 1, 2);

INSERT INTO LIBRARY_MEMBER VALUES (
	1029, 'Diaz', 'Cleo', 0741032693, 1, '2020-02-10', '2024-02-11', '2024-01-10', 1, 2);

INSERT INTO LIBRARY_MEMBER VALUES (
	1030, 'Wilson', 'Ray', 0712017896, 1, '2019-07-05', '2023-07-06', '2023-06-05', 1, 2);

INSERT INTO LIBRARY_MEMBER VALUES (
	1031, 'Hobertson', 'Zack', 0754563210, 1, '2018-09-25', '2022-09-26', '2022-08-25', 0, 0);

INSERT INTO LIBRARY_MEMBER VALUES (
	1032, 'Callahan', 'Mike', 0794100120, 1, '2021-02-01', '2025-02-02', '2025-01-01', 0, 0);

INSERT INTO LIBRARY_MEMBER VALUES (
	1033, 'Callahan', 'Raphael', 0771021213, 1, '2020-02-01', '2024-02-02', '2024-01-01', 0, 0);

INSERT INTO LIBRARY_MEMBER VALUES (
	1034, 'Strickland', 'Raphael', 0741245710, 1, '2020-08-01', '2024-08-02', '2024-07-01', 0, 0);

INSERT INTO LIBRARY_MEMBER VALUES (
	1035, 'Bentley', 'Stephanie', 0731245102, 1, '2020-02-01', '2024-02-02', '2024-01-01', 0, 0);

INSERT INTO LIBRARY_MEMBER VALUES (
	1036, 'Sheperd', 'Luis', 0771021213, 1, '2018-02-01', '2022-02-02', '2022-01-01', 0, 0);

INSERT INTO LIBRARY_MEMBER VALUES (
	1037, 'Wyatt', 'Raphael', 0764523568, 1, '2020-02-10', '2024-02-11', '2024-01-10', 0, 0);

INSERT INTO LIBRARY_MEMBER VALUES (
	1038, 'Bender', 'Lewis', 0743369587, 1, '2019-02-01', '2023-02-02', '2023-01-01', 0, 0);

INSERT INTO LIBRARY_MEMBER VALUES (
	1039, 'Lincoln', 'Raphael', 0724417896, 1, '2020-07-01', '2024-07-02', '2024-06-01', 0, 0);

-- Student
DELETE FROM STUDENT
INSERT INTO STUDENT VALUES (
	 1000, 828595, '102 Mile End Road, E1 0AN', '56 Preston Rd, LL53 6DY' 
)

INSERT INTO STUDENT VALUES (
	 1001, 341875, '102 Mile End Road, E1 0AN', '33 Nottingham Rd, SA33 4YQ' 
)

INSERT INTO STUDENT VALUES (
	 1002, 873698, '110 Romford Road, RM4 2PR', '44 Northgate Street, BD4 4ZN' 
)

INSERT INTO STUDENT VALUES (
	 1003, 103478, '110 Romford Road, RM4 2PR', '123 Scotswood Road, TD7 0GG' 
)

INSERT INTO STUDENT VALUES (
	 1004, 101796, '110 Romford Road, RM4 2PR', '99 Newmarket Road, NG21 9RZ' 
)

INSERT INTO STUDENT VALUES (
	 1005, 418476, '25 Falcon Road, FA6 3PN', '27 Redcliffe Way, SO21 4PP' 
)

INSERT INTO STUDENT VALUES (
	 1006, 479302, '25 Falcon Road, FA6 3PN', '29 Redcliffe Way, SO21 4PP' 
)

INSERT INTO STUDENT VALUES (
	 1007, 021452, '25 Falcon Road, FA6 3PN', '21 Berkeley Rd, CB11 1EY' 
)

INSERT INTO STUDENT VALUES (
	 1008, 079654, '25 Falcon Road, FA6 3PN', '63 Gordon Terrace, DN10 0EH' 
)

INSERT INTO STUDENT VALUES (
	 1009, 689612, '102 Mile End Road, E1 0AN', '99 Walden Road, SY4 5JX' 
)

INSERT INTO STUDENT VALUES (
	 1010, 671230, '102 Mile End Road, E1 0AN', '51 Park Terrace, G46 0AT' 
)

INSERT INTO STUDENT VALUES (
	 1011, 691200, '102 Mile End Road, E1 0AN', '45 Old Chappel Road, PE32 5WN' 
)

INSERT INTO STUDENT VALUES (
	 1012, 771230, '102 Mile End Road, E1 0AN', '52A Park Terrace, G46 0AT' 
)

INSERT INTO STUDENT VALUES (
	 1013, 789741, '110 Romford Road, RM4 2PR', '91 Dover Road, OX7 0FD' 
)

INSERT INTO STUDENT VALUES (
	 1014, 197632, '110 Romford Road, RM4 2PR', '99 Dover Road, OX7 0FF' 
)

INSERT INTO STUDENT VALUES (
	 1015, 214730, '110 Romford Road, RM4 2PR', '120 Hendord Hill, CA11 4TN' 
)

INSERT INTO STUDENT VALUES (
	 1016, 347210, '110 Romford Road, RM4 2PR', '575 Deer Haven Road, L11 6RT' 
)

INSERT INTO STUDENT VALUES (
	 1017, 543021, '25 Falcon Road, FA6 3PN', '104 Rhosddu Road, L12 5TR' 
)

INSERT INTO STUDENT VALUES (
	 1018, 554178, '25 Falcon Road, FA6 3PN', '100 Caerfai Bay Road, PL30 1PR' 
)

INSERT INTO STUDENT VALUES (
	 1019, 784568, '25 Falcon Road, FA6 3PN', '100 New Chapel Road, CV35 1LQ' 
)


-- Senior
DELETE FROM SENIOR
INSERT INTO SENIOR VALUES (
	 1020, 213022, '25 Falcon Road, FA6 3PN', '86 Quay Street, ZE2 5XH' 
)

INSERT INTO SENIOR VALUES (
	 1021, 181455, '110 Romford Road, RM4 2PR', '107 Maidstone Road, SG8 4GB' 
)

INSERT INTO SENIOR VALUES (
	 1022, 236012, '110 Romford Road, RM4 2PR', '56 Wern Lane, G67 3XX' 
)

INSERT INTO SENIOR VALUES (
	 1023, 188565, '110 Romford Road, RM4 2PR', '11 Maidstone Road, SG8 4UN' 
)

INSERT INTO SENIOR VALUES (
	 1024, 189788, '110 Romford Road, RM4 2PR', '51 Wood Lane, HS6 1HX' 
)

INSERT INTO SENIOR VALUES (
	 1025, 588798, '110 Romford Road, RM4 2PR', '31 Horsefair Green, NG22 7AS' 
)

INSERT INTO SENIOR VALUES (
	 1026, 369124, '110 Romford Road, RM4 2PR', '50 London High Street, SE4 5PL' 
)

INSERT INTO SENIOR VALUES (
	 1027, 510320, '102 Mile End Road, E1 0AN', '117  Fraserburgh Rd, TD6 9DR' 
)

INSERT INTO SENIOR VALUES (
	 1028, 000213, '102 Mile End Road, E1 0AN', '56  Gloddaeth Street, LE7 8EB' 
)

INSERT INTO SENIOR VALUES (
	 1029, 600491, '102 Mile End Road, E1 0AN', '78  Baldock Street, MK43 4AN' 
)

INSERT INTO SENIOR VALUES (
	 1030, 500764, '102 Mile End Road, E1 0AN', '41 Park Terrace, G46 0AR' 
)

INSERT INTO SENIOR VALUES (
	 1031, 002173, '102 Mile End Road, E1 0AN', '85  Walden Road, CO9 0AD' 
)

INSERT INTO SENIOR VALUES (
	 1032, 125099, '102 Mile End Road, E1 0AN', '85A  Walden Road, CO9 0AD' 
)

INSERT INTO SENIOR VALUES (
	 1033, 978251, '102 Mile End Road, E1 0AN', '37  Fordham Rd, LA20 6YU' 
)

INSERT INTO SENIOR VALUES (
	 1034, 887906, '102 Mile End Road, E1 0AN', '65  Northgate Street, SY14 5LA' 
)

INSERT INTO SENIOR VALUES (
	 1035, 877245, '102 Mile End Road, E1 0AN', '100  Merthyr Road, CM0 1XU' 
)

INSERT INTO SENIOR VALUES (
	 1036, 645214, '102 Mile End Road, E1 0AN', '47  Princes Street, SS4 5UY' 
)

INSERT INTO SENIOR VALUES (
	 1037, 685987, '102 Mile End Road, E1 0AN', '86  Moulton Road, TR18 5FQ' 
)

INSERT INTO SENIOR VALUES (
	 1038, 235412, '102 Mile End Road, E1 0AN', '19  Abbey Row, BA13 4YQ' 
)

INSERT INTO SENIOR VALUES (
	 1039, 536589, '102 Mile End Road, E1 0AN', '118  Spadafore Drive, DN14 8NS' 
)


-- Lending activity
DELETE FROM LENDING_ACTIVITY
--1000
INSERT INTO LENDING_ACTIVITY VALUES (
	 2201, 1000, 9786272758290, '2020-05-05 10:30:00', '2020-05-26 10:30:00', '2020-06-02 10:30:00', '2020-05-20 09:00:00'
)

INSERT INTO LENDING_ACTIVITY VALUES (
	 2202, 1000, 9989086455903, '2020-04-05 11:30:00', '2020-04-26 11:30:00', '2020-05-03 11:30:00', '2020-04-24 08:00:00'
)

INSERT INTO LENDING_ACTIVITY VALUES (
	 2203, 1000, 1309664325303, '2021-05-01 12:30:00', '2021-05-22 12:30:00', '2021-05-29 12:30:00', null
)

--1001
INSERT INTO LENDING_ACTIVITY VALUES (
	 2204, 1001, 9789656658583, '2021-04-01 12:30:00', '2021-04-22 12:30:00', '2021-04-29 12:30:00', '2021-04-28 11:30:00'
)

INSERT INTO LENDING_ACTIVITY VALUES (
	 2205, 1001, 7741286335903, '2021-02-01 14:30:00', '2021-02-22 14:30:00', '2021-03-01 14:30:00', '2021-02-25 11:30:00'
)

INSERT INTO LENDING_ACTIVITY VALUES (
	 2206, 1001, 9789686973013, '2021-02-01 14:30:00', '2021-02-22 14:30:00', '2021-03-01 14:30:00', '2021-02-25 11:30:00'
)

INSERT INTO LENDING_ACTIVITY VALUES (
	 2207, 1001, 6089685309903, '2020-12-01 14:30:00', '2020-12-22 14:30:00', '2020-12-29 14:30:00', '2020-12-25 11:30:00'
)

INSERT INTO LENDING_ACTIVITY VALUES (
	 2208, 1001, 6989610357803, '2020-12-01 14:30:00', '2020-12-22 14:30:00', '2020-12-29 14:30:00', '2020-12-25 11:32:00'
)

INSERT INTO LENDING_ACTIVITY VALUES (
	 2209, 1001, 4019686332013, '2021-05-03 14:30:00', '2021-05-24 14:30:00', '2021-05-31 14:30:00', null
)

INSERT INTO LENDING_ACTIVITY VALUES (
	 2210, 1001, 6789663335751, '2021-05-03 14:30:00', '2021-05-24 14:30:00', '2021-05-31 14:30:00', null
)

--1002
INSERT INTO LENDING_ACTIVITY VALUES (
	 2211, 1002, 4019686332013, '2021-05-03 14:30:00', '2021-05-28 14:30:00', '2021-06-04 14:30:00', null
)

INSERT INTO LENDING_ACTIVITY VALUES (
	 2212, 1002, 6789663335751, '2021-05-03 14:30:00', '2021-05-28 14:30:00', '2021-06-04 14:30:00', null
)

--1003
INSERT INTO LENDING_ACTIVITY VALUES (
	 2213, 1003, 9789686973013, '2020-04-01 12:30:00', '2020-04-22 12:30:00', '2020-04-29 12:30:00', '2020-04-28 11:30:00'
)

INSERT INTO LENDING_ACTIVITY VALUES (
	 2214, 1003, 7741286335903, '2020-02-01 14:30:00', '2020-02-22 14:30:00', '2020-02-29 14:30:00', '2020-02-11 12:00:00'
)

INSERT INTO LENDING_ACTIVITY VALUES (
	 2215, 1003, 9789686973013, '2020-02-01 14:30:00', '2020-02-22 14:30:00', '2020-02-29 14:30:00', '2020-02-15 11:30:00'
)

INSERT INTO LENDING_ACTIVITY VALUES (
	 2216, 1003, 9788809987586, '2020-12-01 14:30:00', '2020-12-22 14:30:00', '2020-12-29 14:30:00', '2020-12-25 11:30:00'
)

INSERT INTO LENDING_ACTIVITY VALUES (
	 2217, 1003, 9789656658583, '2021-05-15 14:30:00', '2021-06-05 14:30:00', '2021-06-12 14:30:00', null
)

INSERT INTO LENDING_ACTIVITY VALUES (
	 2218, 1003, 9989086455903, '2021-05-14 14:30:00', '2021-06-04 14:30:00', '2021-06-11 14:30:00', null
)

-- 1004
INSERT INTO LENDING_ACTIVITY VALUES (
	 2219, 1004, 9785586300903, '2020-08-01 14:30:00', '2020-08-22 14:30:00', '2020-08-29 14:30:00', '2020-08-23 11:52:00'
)

-- 1005
INSERT INTO LENDING_ACTIVITY VALUES (
	 2220, 1005, 9788809987586, '2020-05-01 15:30:00', '2020-05-22 15:30:00', '2020-05-29 15:30:00', '2020-12-20 12:30:00'
)

INSERT INTO LENDING_ACTIVITY VALUES (
	 2221, 1005, 9785586300903, '2021-05-20 14:30:00', '2021-06-10 14:30:00', '2021-06-17 14:30:00', null
)

INSERT INTO LENDING_ACTIVITY VALUES (
	 2222, 1005, 9782306361703, '2021-05-18 15:00:00', '2021-06-08 15:00:00', '2021-06-15 15:00:00', null
)

-- 1006
INSERT INTO LENDING_ACTIVITY VALUES (
	 2223, 1006, 0324686335903, '2021-01-05 15:30:00', '2021-05-26 15:30:00', '2021-02-02 15:30:00', '2020-12-20 12:30:00'
)

INSERT INTO LENDING_ACTIVITY VALUES (
	 2224, 1006, 0324686335903, '2021-05-20 14:30:00', '2021-06-10 14:30:00', '2021-06-17 14:30:00', null
)

-- 1007
INSERT INTO LENDING_ACTIVITY VALUES (
	 2225, 1007, 9789686973013, '2021-05-20 11:30:00', '2021-06-10 11:30:00', '2021-06-17 11:30:00', null
)

-- 1008
INSERT INTO LENDING_ACTIVITY VALUES (
	 2226, 1008, 3752140335903, '2021-05-19 16:30:00', '2021-06-09 16:30:00', '2021-06-16 16:30:00', null
)

INSERT INTO LENDING_ACTIVITY VALUES (
	 2227, 1008, 5789874335414, '2021-05-20 13:30:00', '2021-06-10 13:30:00', '2021-06-17 13:30:00', null
)

-- 1009
INSERT INTO LENDING_ACTIVITY VALUES (
	 2228, 1009, 6989610357803, '2021-05-19 16:00:00', '2021-06-09 16:00:00', '2021-06-16 16:00:00', null
)

INSERT INTO LENDING_ACTIVITY VALUES (
	 2229, 1009, 6089685309903, '2021-05-21 13:30:00', '2021-06-11 13:30:00', '2021-06-18 13:30:00', null
)

-- 1013
INSERT INTO LENDING_ACTIVITY VALUES (
	 2230, 1013, 7741286335903, '2021-05-22 13:00:00', '2021-06-12 13:00:00', '2021-06-19 13:00:00', null
)

-- 1014
INSERT INTO LENDING_ACTIVITY VALUES (
	 2231, 1014, 9788809987586, '2020-01-05 12:30:00', '2020-01-26 12:30:00', '2020-02-02 12:30:00', '2020-02-01 11:00:41'
)

INSERT INTO LENDING_ACTIVITY VALUES (
	 2232, 1014, 9785586300903, '2020-03-10 14:20:00', '2020-03-31 14:20:00', '2020-04-07 14:20:00', '2020-03-29 12:01:24'
)

INSERT INTO LENDING_ACTIVITY VALUES (
	 2233, 1014, 6789663335751, '2020-05-01 14:30:00', '2020-05-22 14:30:00', '2020-05-29 14:30:00', '2020-05-20 11:30:00'
)

INSERT INTO LENDING_ACTIVITY VALUES (
	 2234, 1014, 9785286335903, '2020-08-01 14:30:00', '2020-08-22 14:30:00', '2020-08-29 14:30:00', '2020-08-28 11:30:00'
)
---
INSERT INTO LENDING_ACTIVITY VALUES (
	 2235, 1014, 9989086455903, '2020-08-05 12:30:00', '2020-08-26 12:30:00', '2020-09-02 12:30:00', '2020-09-01 10:59:21'
)

INSERT INTO LENDING_ACTIVITY VALUES (
	 2236, 1014, 9785286335903, '2020-09-10 14:20:00', '2020-10-01 14:20:00', '2020-10-08 14:20:00', '2020-09-30 12:05:39'
)

INSERT INTO LENDING_ACTIVITY VALUES (
	 2237, 1014, 7741286335903, '2020-10-25 11:30:00', '2020-11-15 11:30:00', '2020-11-22 11:30:00', '2020-11-21 11:00:43'
)

INSERT INTO LENDING_ACTIVITY VALUES (
	 2238, 1014, 6789663335751, '2020-11-01 14:30:00', '2020-11-22 14:30:00', '2020-11-29 14:30:00', '2020-11-10 11:55:10'
)
---
INSERT INTO LENDING_ACTIVITY VALUES (
	 2239, 1014, 9789656658583, '2020-11-25 09:30:00', '2020-12-16 09:30:00', '2020-12-23 09:30:00', '2020-12-01 12:42:43'
)

INSERT INTO LENDING_ACTIVITY VALUES (
	 2240, 1014, 9785286335903, '2020-12-01 14:30:00', '2020-12-22 14:30:00', '2020-12-29 14:30:00', '2020-12-05 12:55:10'
)
--
INSERT INTO LENDING_ACTIVITY VALUES (
	 2241, 1014, 9785286335903, '2021-05-18 12:00:00', '2021-06-08 12:00:00', '2021-06-15 12:00:00', null
)

-- 1015
INSERT INTO LENDING_ACTIVITY VALUES (
	 2242, 1015, 6989610357803, '2020-07-05 12:30:00', '2020-07-26 12:30:00', '2020-08-02 12:30:00', '2020-07-31 11:39:21'
)

INSERT INTO LENDING_ACTIVITY VALUES (
	 2243, 1015, 2789686355243, '2020-09-10 11:20:00', '2020-10-01 11:20:00', '2020-10-08 11:20:00', '2020-09-20 08:05:39'
)

INSERT INTO LENDING_ACTIVITY VALUES (
	 2244, 1015, 4019686332013, '2020-10-26 09:30:00', '2020-11-16 09:30:00', '2020-11-23 09:30:00', '2020-11-01 11:24:43'
)

INSERT INTO LENDING_ACTIVITY VALUES (
	 2245, 1015, 9789686973013, '2020-11-01 14:30:00', '2020-11-22 14:30:00', '2020-11-29 14:30:00', '2020-11-10 11:21:33'
)

INSERT INTO LENDING_ACTIVITY VALUES (
	 2246, 1015, 6089685309903, '2020-11-01 14:30:00', '2020-11-22 14:30:00', '2020-11-29 14:30:00', '2020-11-10 11:55:10'
)

INSERT INTO LENDING_ACTIVITY VALUES (
	 2247, 1015, 2789686355243, '2021-05-17 11:00:00', '2021-06-07 11:00:00', '2021-06-14 11:00:00', null
)

-- 1016
INSERT INTO LENDING_ACTIVITY VALUES (
	 2248, 1016, 9782306361703, '2020-03-12 08:20:00', '2020-04-02 08:20:00', '2020-04-09 08:20:00', '2020-04-03 08:01:44'
)

INSERT INTO LENDING_ACTIVITY VALUES (
	 2249, 1016, 9785586300903, '2020-05-01 10:30:00', '2020-05-22 10:30:00', '2020-05-29 10:30:00', '2020-05-10 11:30:00'
)

INSERT INTO LENDING_ACTIVITY VALUES (
	 2250, 1016, 9782306361703, '2021-05-19 16:00:00', '2021-06-09 16:00:00', '2021-06-16 16:00:00', null
)

INSERT INTO LENDING_ACTIVITY VALUES (
	 2251, 1016, 9785763146903, '2021-05-21 13:30:00', '2021-06-11 13:30:00', '2021-06-18 13:30:00', null
)

-- 1017
INSERT INTO LENDING_ACTIVITY VALUES (
	 2252, 1017, 6789663335751, '2020-01-04 12:30:00', '2020-01-25 12:30:00', '2020-02-01 12:30:00', '2020-01-11 08:00:31'
)

INSERT INTO LENDING_ACTIVITY VALUES (
	 2253, 1017, 9789656658583, '2020-03-11 08:25:00', '2020-04-01 08:25:00', '2020-04-08 08:25:00', '2020-03-15 12:01:24'
)

INSERT INTO LENDING_ACTIVITY VALUES (
	 2254, 1017, 6789663335751, '2020-05-03 14:30:00', '2020-05-24 14:30:00', '2020-05-31 14:30:00', '2020-05-05 07:30:00'
)

INSERT INTO LENDING_ACTIVITY VALUES (
	 2255, 1017, 7741286335903, '2020-08-01 14:30:00', '2020-08-22 14:30:00', '2020-08-29 14:30:00', '2020-08-28 11:30:00'
)
---
INSERT INTO LENDING_ACTIVITY VALUES (
	 2256, 1017, 9989086455903, '2020-08-03 12:30:00', '2020-08-24 12:30:00', '2020-08-31 12:30:00', '2020-08-20 09:59:21'
)

INSERT INTO LENDING_ACTIVITY VALUES (
	 2257, 1017, 7741286335903, '2020-09-10 11:20:00', '2020-10-01 11:20:00', '2020-10-08 11:20:00', '2020-09-20 08:07:29'
)

INSERT INTO LENDING_ACTIVITY VALUES (
	 2258, 1017, 3752140335903, '2020-10-24 11:30:00', '2020-11-14 11:30:00', '2020-11-21 11:30:00', '2020-11-11 11:49:43'
)

INSERT INTO LENDING_ACTIVITY VALUES (
	 2259, 1017, 5789874335414, '2020-11-01 14:30:00', '2020-11-22 14:30:00', '2020-11-29 14:30:00', '2020-11-02 11:23:23'
)
---
INSERT INTO LENDING_ACTIVITY VALUES (
	 2260, 1017, 9789656658583, '2020-11-25 09:30:00', '2020-12-16 09:30:00', '2020-12-23 09:30:00', '2020-12-01 08:41:43'
)

INSERT INTO LENDING_ACTIVITY VALUES (
	 2261, 1017, 5789874335414, '2020-12-01 14:30:00', '2020-12-22 14:30:00', '2020-12-29 14:30:00', '2020-12-02 07:55:10'
)

INSERT INTO LENDING_ACTIVITY VALUES (
	 2262, 1017, 2789686355243, '2020-12-03 14:30:00', '2020-12-24 14:30:00', '2020-12-31 14:30:00', '2020-12-10 12:55:10'
)
--
INSERT INTO LENDING_ACTIVITY VALUES (
	 2263, 1017, 7741286335903, '2021-05-19 16:00:00', '2021-06-09 16:00:00', '2021-06-16 16:00:00', null
)

INSERT INTO LENDING_ACTIVITY VALUES (
	 2264, 1017, 9789656658583, '2021-05-21 13:30:00', '2021-06-11 13:30:00', '2021-06-18 13:30:00', null
)

DELETE FROM LENDING_ACTIVITY WHERE LendingID=2300;
INSERT INTO LENDING_ACTIVITY VALUES (
	 2300, 1017, 5479686355333, '2021-04-19 13:30:00', '2021-05-10 13:30:00', '2021-05-17 13:30:00', null
)

INSERT INTO LENDING_ACTIVITY VALUES (
	 2310, 1017, 4512555689898, '2021-04-21 13:30:00', '2021-05-12 13:30:00', '2021-05-19 13:30:00', null
)

--1018
INSERT INTO LENDING_ACTIVITY VALUES (
	 2265, 1018, 9785763146903, '2020-04-01 12:30:00', '2020-04-22 12:30:00', '2020-04-29 12:30:00', '2020-04-29 11:30:00'
)

INSERT INTO LENDING_ACTIVITY VALUES (
	 2266, 1018, 9782306361703, '2020-02-01 14:30:00', '2020-02-22 14:30:00', '2020-02-29 14:30:00', '2020-02-05 12:00:00'
)

INSERT INTO LENDING_ACTIVITY VALUES (
	 2267, 1018, 9785586300903, '2021-05-01 12:30:00', '2021-05-22 12:30:00', '2021-05-29 12:30:00', null
)

INSERT INTO LENDING_ACTIVITY VALUES (
	 2268, 1018, 9785763146903, '2021-05-20 14:30:00', '2021-06-10 14:30:00', '2021-06-17 14:30:00', null
)

--1019
INSERT INTO LENDING_ACTIVITY VALUES (
	 2269, 1019, 9989086455903, '2020-02-01 14:30:00', '2020-02-22 14:30:00', '2020-02-29 14:30:00', '2020-02-10 11:30:00'
)

INSERT INTO LENDING_ACTIVITY VALUES (
	 2270, 1019, 9788809987586, '2020-12-01 14:30:00', '2020-12-22 14:30:00', '2020-12-29 14:30:00', '2020-12-22 11:30:00'
)

INSERT INTO LENDING_ACTIVITY VALUES (
	 2271, 1019, 6789663335751, '2021-05-01 12:30:00', '2021-05-22 12:30:00', '2021-05-29 12:30:00', null
)

INSERT INTO LENDING_ACTIVITY VALUES (
	 2272, 1019, 9785586300903, '2021-05-01 12:30:00', '2021-05-22 12:30:00', '2021-05-29 12:30:00', null
)

INSERT INTO LENDING_ACTIVITY VALUES (
	 2273, 1019, 9789656658583, '2021-05-19 16:00:00', '2021-06-09 16:00:00', '2021-06-16 16:00:00', null
)

INSERT INTO LENDING_ACTIVITY VALUES (
	 2274, 1019, 9785586300903, '2021-05-20 14:30:00', '2021-06-10 14:30:00', '2021-06-17 14:30:00', null
)

INSERT INTO LENDING_ACTIVITY VALUES (
	 2275, 1019, 9785286335903, '2021-05-21 13:30:00', '2021-06-11 13:30:00', '2021-06-18 13:30:00', null
)

-- 1020
INSERT INTO LENDING_ACTIVITY VALUES (
	 2276, 1020, 9789686973013, '2020-04-04 12:30:00', '2020-07-04 12:30:00', '2020-07-25 12:30:00', '2020-06-25 10:30:00'
)

INSERT INTO LENDING_ACTIVITY VALUES (
	 2277, 1020, 7741286335903, '2020-02-01 14:30:00', '2020-05-01 14:30:00', '2020-05-22 14:30:00', '2020-05-20 12:00:00'
)

INSERT INTO LENDING_ACTIVITY VALUES (
	 2278, 1020, 9789686973013, '2020-02-06 14:30:00', '2020-05-06 14:30:00', '2020-05-27 14:30:00', '2020-05-20 11:30:00'
)

INSERT INTO LENDING_ACTIVITY VALUES (
	 2279, 1020, 6089685309903, '2020-12-01 14:30:00', '2021-03-01 14:30:00', '2020-03-22 14:30:00', '2020-02-25 11:30:00'
)

INSERT INTO LENDING_ACTIVITY VALUES (
	 2280, 1020, 6989610357803, '2021-05-19 16:00:00', '2021-08-19 16:00:00', '2021-09-09 16:00:00', null
)

INSERT INTO LENDING_ACTIVITY VALUES (
	 2281, 1020, 3752140335903, '2021-05-21 13:30:00', '2021-08-21 13:30:00', '2021-09-11 13:30:00', null
)

--1021
INSERT INTO LENDING_ACTIVITY VALUES (
	 2283, 1021, 9789686973013, '2021-05-17 14:30:00', '2021-08-17 14:30:00', '2021-09-07 14:30:00', null
)

INSERT INTO LENDING_ACTIVITY VALUES (
	 2282, 1021, 6989610357803, '2021-05-14 14:30:00', '2021-08-14 14:30:00', '2021-09-04 14:30:00', null
)

-- 1022
INSERT INTO LENDING_ACTIVITY VALUES (
	 2285, 1022, 6089685309903, '2021-05-17 14:30:00', '2021-08-17 14:30:00', '2021-09-07 14:30:00', null
)

INSERT INTO LENDING_ACTIVITY VALUES (
	 2284, 1022, 6989610357803, '2021-05-14 14:30:00', '2021-08-14 14:30:00', '2021-09-04 14:30:00', null
)

-- 1023
INSERT INTO LENDING_ACTIVITY VALUES (
	 2287, 1023, 9785763146903, '2021-05-17 14:30:00', '2021-08-17 14:30:00', '2021-09-07 14:30:00', null
)

INSERT INTO LENDING_ACTIVITY VALUES (
	 2286, 1023, 9782306361703, '2021-05-14 14:30:00', '2021-08-14 14:30:00', '2021-09-04 14:30:00', null
)

-- 1028
INSERT INTO LENDING_ACTIVITY VALUES (
	 2288, 1028, 9785286335903, '2020-02-01 14:30:00', '2020-05-01 14:30:00', '2020-05-22 14:30:00', '2020-04-20 11:30:00'
)

INSERT INTO LENDING_ACTIVITY VALUES (
	 2289, 1028, 9785286335903, '2021-05-03 14:30:00', '2021-08-03 14:30:00', '2021-08-24 14:30:00', null
)

--1029
INSERT INTO LENDING_ACTIVITY VALUES (
	 2290, 1029, 0324686335903, '2020-07-01 14:30:00', '2020-10-01 14:30:00', '2020-10-22 14:30:00', '2020-10-01 11:30:00'
)

INSERT INTO LENDING_ACTIVITY VALUES (
	 2291, 1029, 0324686335903, '2021-04-03 14:30:00', '2021-07-03 14:30:00', '2021-07-24 14:30:00', null
)

-- Books needed
INSERT INTO BOOKS_NEEDED VALUES (
	67852685309903, 'Operating Systems for you', 'Jack M.', 'Computer Science', 'Fundamentals of Operating Systems', 10);

INSERT INTO BOOKS_NEEDED VALUES (
	5989685742903, 'Fundamentals of Chemicals', 'Rodrigue A.', 'Engineering', 'Fundamentals of Chemicals Engineering and all the basic principles', 5);

INSERT INTO BOOKS_NEEDED VALUES (
	4578685742903, 'Programming Fundamentals', 'Mike J.', 'Computer Science', 'All the fundamentals of programming', 20);

INSERT INTO BOOKS_NEEDED VALUES (
	01474784142903, 'Molecular Biology of the Cell', 'James D.', 'Biology', 'Molecular Biology of the Cell is a cellular and molecular biology textbook', 15);

INSERT INTO BOOKS_NEEDED VALUES (
	0211247853603, 'Manual of Accounting IFRS', 'Albert M.', 'Accounting', 'PwCs Manual of accounting IFRS for the UK 2020 provides comprehensive practical guidance on the IFRSs issued by the International Accounting Standards Board (IASB) and the accounting requirements of UK law applicable to UK users of IFRS, as well as the other elements that make up IFRS for the UK.', 5);

INSERT INTO BOOKS_NEEDED VALUES (
	4574532589978, 'Business Ethics', 'Andrew C.', 'Business', 'Business Ethics is a lively and engaging textbook that tackles one of the most pressing issues facing business today: how to be a good corporate citizen in a complex multiple stakeholder world.', 12);

INSERT INTO BOOKS_NEEDED VALUES (
	6085236784123, 'Business Research Methods', 'Michael W.', 'Business', 'A complete introduction to doing business research, Business Research Methods is the ideal guide for students embarking on a research project', 10);

INSERT INTO BOOKS_NEEDED VALUES (
	9582211443658, 'Data Analysis for Business, Economics, and Policy', 'Gabor K.', 'Economics', 'This textbook provides future data analysts with the tools, methods, and skills needed to answer data-focused, real-life questions; to carry out data analysis.', 8);

INSERT INTO BOOKS_NEEDED VALUES (
	6547812036403, 'Introduction to Sensors for Electrical and Mechanical Engineers', 'Martin N.', 'Engineering', 'Sensors are all around us. They are in phones, cars, planes, trains, robots, mils, lathes, packaging lines, chemical plants, power plants, etc. Modern technology could not exist without sensors', 10);

INSERT INTO BOOKS_NEEDED VALUES (
	6089685309903, 'Discrete-time Signal Processing', 'Alan V.', 'Engineering', 'Part of the Oppenheim Signal Processing series, this new handbook updates the benchmark publication', 4);

INSERT INTO BOOKS_NEEDED VALUES (
	6214579632125, 'Electrical properties of materials', 'Solymar L.', 'Engineering', 'A classic text in the field providing a readable and accessible guide for students of electrical and electronic engineering', 5);

INSERT INTO BOOKS_NEEDED VALUES (
	5422665852683, 'Systems Engineering Design Principles and Models', 'Dahai L.', 'Engineering', 'The book covers systems and systems engineering, systems methods, models, and analytical techniques as well as systems management and control methods.', 10);

INSERT INTO BOOKS_NEEDED VALUES (
	5568935565486, 'Get Set for Sociology', 'Samantha P.', 'Sociology', 'For students already studying Sociology at school or college, it will provide a concise but comprehensive learning aid', 6);

INSERT INTO BOOKS_NEEDED VALUES (
	21545698756532, 'The Students Companion to Social Policy', 'Peter A.', 'Sociology', 'The fourth edition of The Students Companion to Social Policy maintains the texts inimitable and best-selling approach.', 3);

INSERT INTO BOOKS_NEEDED VALUES (
	45223644896325, 'Introduction to Algorithms', 'Thomas H.', 'Computer Science', 'Introduction to Algorithms is a book on computer programming', 10);

INSERT INTO BOOKS_NEEDED VALUES (
	78542366985669, 'Clean Code', 'Robert C.', 'Computer Science', 'Even bad code can function. But if code isn’t clean, it can bring a development organization to its knees.', 7);

INSERT INTO BOOKS_NEEDED VALUES (
	64526878985554, 'The Art of Computer Programming', 'Donald K.', 'Computer Science', 'The Art of Computer Programming is a comprehensive monograph written by computer scientist Donald Knuth that covers many kinds of programming algorithms and their analysis', 3);

INSERT INTO BOOKS_NEEDED VALUES (
	6089685309903, 'Cracking the Coding Interview', 'Gayle L.', 'Computer Science', '189 Programming Questions and Solutions is a book by Gayle Laakmann McDowell about coding interviews.', 2);

INSERT INTO BOOKS_NEEDED VALUES (
	8969685309903, 'Artificial Intelligence: A Modern Approach', 'Stuart J.', 'Computer Science', 'Artificial Intelligence: A Modern Approach is a university textbook on artificial intelligence', 5);

INSERT INTO BOOKS_NEEDED VALUES (
	18575621456985, 'The C Programming Language', 'Dennis R.', 'Computer Science', 'All you need to know about C language', 10);

INSERT INTO BOOKS_NEEDED VALUES (
	54666331646985, 'Hello World', 'James A.', 'Sociology', 'All you need to know about Sociology', 2);


--lenders
INSERT INTO LENDERS VALUES (
	50, 'The Perry Library', '102 Southwark Street, SE22 FAJ', 02089373550);

INSERT INTO LENDERS VALUES (
	51, 'Artizan Library', '1 Artizan Street, E1 7AD', 02085423698);

INSERT INTO LENDERS VALUES (
	52, 'Dagenham Library', '1 Church Lane, RM11 9SD', 02083654225);

INSERT INTO LENDERS VALUES (
	53, 'Castle Green Library', '1 Castle Street, RM5 6AJ', 02056877565);

INSERT INTO LENDERS VALUES (
	54, 'Wantz Library', '5 Rainham Road, RM10 6FJ', 02056987541);

INSERT INTO LENDERS VALUES (
	55, 'Valence Library', '6 Becontree Road, RM1 5SD', 02056987456);

INSERT INTO LENDERS VALUES (
	56, 'Chipping Library', '10 Stapylton Avenue', 02054123650);

INSERT INTO LENDERS VALUES (
	57, 'Childs Library', '20 Cricklewood Road, NW5 2FJ', 02056321458);

INSERT INTO LENDERS VALUES (
	58, 'North Heath Library', '5 Milton Road, DA2 5WH', 02058974121);

INSERT INTO LENDERS VALUES (
	59, 'Blackfen Library', '10-13 Blackfen Avenue, DA20 7QY', 02065478965);

INSERT INTO LENDERS VALUES (
	60, 'Ealing Road Library', '5 Ealing Way, DA6 8YU', 02084125798);

INSERT INTO LENDERS VALUES (
	61, 'Garden Library', '5 Hampstead Way, NW10 8UB', 02065783210);

INSERT INTO LENDERS VALUES (
	62, 'Kilburn Library', '10 Salisbury Way, NW10 7ON', 02087453698);

INSERT INTO LENDERS VALUES (
	63, 'Bostall Library', '115 Harolds Road, DA10 7ER', 02069329801);

INSERT INTO LENDERS VALUES (
	64, 'Mottingham Library', '102 Mottingham Way', 02069745632);

INSERT INTO LENDERS VALUES (
	65, 'Antrim Library', '5 Antrim Way, NW5 4XN', 02069875654);

INSERT INTO LENDERS VALUES (
	66, 'Kensal Rise Library', '105 Rainham Road, RM10 5AG', 02074529176);

INSERT INTO LENDERS VALUES (
	67, 'Wantz Library', '10 Rainham Way, RM10 5AP', 02078234510);

INSERT INTO LENDERS VALUES (
	68, 'Crayford Library', '170 Town Hall Road, DA1 4FN', 02054789630);

INSERT INTO LENDERS VALUES (
	69, 'Burnt Ash Library', '5 Bromley Road, BR1 5AJ', 02069870012);

INSERT INTO LENDERS VALUES (
	70, 'Preston Library', '6 Preston Avenue, HA9 2GW', 02003356941);

INSERT INTO LENDERS VALUES (
	71, 'Gardens Library', '15 Market Place, NW11 6LB', 02087456987);


--borrowing activity
INSERT INTO BORROWING_ACTIVITY VALUES (
	1500, 55, 18575621456985, '2021-03-03 13:23:44', '2021-12-03 13:23:44', null, 10);

INSERT INTO BORROWING_ACTIVITY VALUES (
	1501, 60, 4574532589978, '2020-09-03 15:23:44', '2021-12-03 15:23:44', null, 10);

INSERT INTO BORROWING_ACTIVITY VALUES (
	1502, 50, 645268569869854, '2020-05-03 10:30:00', '2021-08-03 15:23:24', null, 3);

INSERT INTO BORROWING_ACTIVITY VALUES (
	1503, 50, 6089685309903, '2020-05-03 10:30:00', '2021-08-03 15:23:24', null, 10);

INSERT INTO BORROWING_ACTIVITY VALUES (
	1504, 58, 78542366985669, '2020-05-03 10:30:00', '2021-08-03 15:23:24', null, 7);

INSERT INTO BORROWING_ACTIVITY VALUES (
	1505, 68, 45223644896325, '2019-03-03 10:30:00', '2021-08-03 15:23:24', null, 10);

INSERT INTO BORROWING_ACTIVITY VALUES (
	1506, 61, 21545698756532, '2021-01-03 18:30:00', '2021-08-03 12:23:24', null, 3);

INSERT INTO BORROWING_ACTIVITY VALUES (
	1507, 64, 9582211443658, '2021-02-15 12:20:00', '2022-08-03 12:23:00', null, 8);

INSERT INTO BORROWING_ACTIVITY VALUES (
	1508, 62, 6547812036403, '2021-01-15 12:20:00', '2022-12-03 12:23:00', null, 10);

INSERT INTO BORROWING_ACTIVITY VALUES (
	1509, 63, 6214579632125, '2019-11-25 12:00:00', '2021-12-25 12:00:00', null, 5);

INSERT INTO BORROWING_ACTIVITY VALUES (
	1510, 53, 6085236784123, '2020-12-15 12:00:00', '2022-12-03 12:00:00', null, 10);

INSERT INTO BORROWING_ACTIVITY VALUES (
	1511, 54, 5989685742903, '2020-05-01 12:00:00', '2021-08-01 12:00:00', null, 5);

INSERT INTO BORROWING_ACTIVITY VALUES (
	1512, 57, 5568935565486, '2020-05-01 12:00:00', '2021-08-01 12:00:00', null, 6);

INSERT INTO BORROWING_ACTIVITY VALUES (
	1513, 59, 5422665852683, '2021-01-01 12:00:00', '2022-01-01 12:00:00', null, 10);

INSERT INTO BORROWING_ACTIVITY VALUES (
	1514, 64, 4578685742903, '2020-01-01 12:00:00', '2022-01-01 12:00:00', null, 20);

INSERT INTO BORROWING_ACTIVITY VALUES (
	1515, 66, 1474784142903, '2019-05-01 12:00:00', '2021-05-01 12:00:00', null, 15);

INSERT INTO BORROWING_ACTIVITY VALUES (
	1516, 69, 214784142903, '2019-03-18 12:00:00', '2021-03-18 12:00:00', null, 15);

INSERT INTO BORROWING_ACTIVITY VALUES (
	1517, 70, 67852685309903, '2020-03-18 12:00:00', '2021-03-18 12:00:00', null, 10);

INSERT INTO BORROWING_ACTIVITY VALUES (
	1518, 70, 64526878985554, '2020-12-18 12:00:00', '2021-12-18 12:00:00', null, 3);

INSERT INTO BORROWING_ACTIVITY VALUES (
	1519, 71, 8969685309903, '2020-12-18 12:00:00', '2021-12-18 12:00:00', null, 5);

INSERT INTO BORROWING_ACTIVITY VALUES (
	1520, 71, 54666331646985, '2021-02-18 12:00:00', '2021-12-18 12:00:00', null, 2);